"$r [mm]","Q(1) []","Q(2) []","Q(3) []","Q(4) []","Q(5) []"
10,36.1402681950254,48.5382500575364,1.34773321992567,1.24926613880929,1.26225037126059
