"$r [mm]","re(Mode(1)) []","re(Mode(2)) []","re(Mode(3)) []","re(Mode(4)) []","re(Mode(5)) []"
10,1797676002.43429,2010921943.26032,1958071824.92042,2017972289.04655,2048330217.40304
