"$r [mm]","Q(1) []","Q(2) []","Q(3) []","Q(4) []","Q(5) []"
10,24.6360459414225,39.9792049660866,1.01345494057216,1.02014175636219,1.07664809992669
